<?xml version="1.0" encoding="utf-8"?>
<SampleMetadata>
	<ID>71D70AA5-FE69-4934-8FDB-3486D33155FC</ID>
	<IsFullApplication>true</IsFullApplication>
	<Level>Beginner</Level>
	<Tags>Xamarin.Forms, User Interface, Getting Started</Tags>
	<SupportedPlatforms>Android, iOS, Windows</SupportedPlatforms>
	<LicenseRequirement>Starter</LicenseRequirement>
	<Brief>Demonstrates a cross-platform app using Xamarin.Forms that retrieves data from a weather service.</Brief>
	<Gallery>true</Gallery>
	<HideZip>false</HideZip><!--IF references code outside folder root, do not ZIP-->
</SampleMetadata>
