<?xml version="1.0" encoding="utf-8" ?>
<SampleMetadata>
	<ID>2c23b936-8392-47e0-b835-bcc2446584e0</ID>
	<IsFullApplication>false</IsFullApplication>
	<Brief>This sample demonstrates an orientation-sensitive WrapLayout class that arranges its children horizontally across the page, and then wraps the display of subsequent children to additional rows.</Brief>
	<Level>Advanced</Level>
	<LicenseRequirement>Indie</LicenseRequirement>
	<Tags>User Interface, Xamarin.Forms</Tags>
	<SupportedPlatforms>Android, iOS, Windows</SupportedPlatforms>
	<Gallery>true</Gallery>
</SampleMetadata>
