{"images":[{"idiom":"iphone","filename":"Icon.png","size":"57x57","scale":"1x"},{"idiom":"iphone","filename":"Icon@2x.png","size":"57x57","scale":"2x"},{"idiom":"iphone","filename":"Icon-60@2x.png","size":"60x60","scale":"2x"},{"idiom":"iphone","filename":"Icon-Small.png","size":"29x29","scale":"1x"},{"idiom":"iphone","filename":"Icon-Small@2x.png","size":"29x29","scale":"2x"},{"idiom":"iphone","filename":"Icon-Small-40@2x.png","size":"40x40","scale":"2x"}],"info":{"version":1,"author":"xcode"}}