<?xml version="1.0" encoding="utf-8"?>
<SampleMetadata>
	<ID>3d9d1408-0282-4a30-8d90-375001255f44</ID>
	<IsFullApplication>false</IsFullApplication>
	<Level>Beginner</Level>
	<Tags>Xamarin.Forms</Tags>
	<SupportedPlatforms>iOS, Android, Windows, liveplayer</SupportedPlatforms>
	<LicenseRequirement>Indie</LicenseRequirement>
	<Gallery>true</Gallery>
	<Brief>This sample demonstrates Xamarin.Forms MessagingCenter, which  enables view models and other components to communicate with without having to know anything about each other besides a simple contract.</Brief>
</SampleMetadata>
