<?xml version="1.0" encoding="utf-8" ?>
<SampleMetadata>
	<ID>5181B971-4D1E-4BF0-BD03-76CB6D60DD3C</ID>
	<IsFullApplication>true</IsFullApplication>
	<Level>Intermediate</Level>
	<Tags>User Interface, Xamarin.Forms, liveplayer</Tags>
	<SupportedPlatforms>Android, iOS, windows-rt</SupportedPlatforms>
	<LicenseRequirement>Indie</LicenseRequirement>
	<Gallery>true</Gallery>
	<Brief>Demonstrates a scrollable hierarchy of all Xamarin.Forms classes, structures, and enumerations.</Brief>
</SampleMetadata>
